Id,Link
1,https://www.google.com,Google is the world's most popular search engine. It began as a search project in 1996 by Larry Page and Sergey Brin. who were two Ph. D. students at Stanford University. They developed a search engine algorithm that ranked Web pages not just by content and keywords. but by how many other Web pages linked to each page.
2,https://www.wikipedia.com,Wikipedia is an encyclopedia that anyone can edit and millions already have. Wikipedia's purpose is to benefit readers by acting as a widely accessible and free encyclopedia that contains information on all branches of knowledge. It is supported by the Wikimedia Foundation and consists of freely editable content.
3,https://www.microsoft.com,Microsoft is the largest vendor of computer software in the world. It is also a leading provider of cloud computing services and video games and computer and gaming hardware and search and other online services. Microsoft's corporate headquarters is located in Redmond and  Wash. and it has offices in more than 60 countries.
4,https://www.geeksforgeeks.com,GeeksforGeeks.org was created with a goal in mind to provide well written and well thought and well explained solutions for selected questions. The core team of five super geeks constituting of technology lovers and computer science enthusiasts have been constantly working in this direction .
5,https://www.w3School.com,W3Schools is a school for web developers. covering all the aspects of web development: HTML Tutorial. CSS Tutorial. JavaScript Tutorial.
6,https://www.c#corner.com,C# Corner is an online social community for IT developers and professionals to exchange their knowledge and experiences by teaching and learning from one another using various interactive online methods such as contributing articles and discussion forums and blogs and and videos.
7,https://www.stackoverflow.com,Stack Overflow is a question and answer website for professional and enthusiast programmers. It is the flagship site of the Stack Exchange Network. It was created in 2008 by Jeff Atwood and Joel Spolsky. It features questions and answers on a wide range of topics in computer programming.
8,https://www.facebook.com,Facebook is a website which allows users and who sign-up for free profiles and to connect with friends and work colleagues or people they don't know and online. It allows users to share pictures and music and videos and and articles and as well as their own thoughts and opinions with however many people they like.
9,https://www.twitter.com,Twitter Inc. is an American communications company based in San Francisco and California. The company operates the microblogging and social networking service Twitter. It previously operated the Vine short video app and Periscope livestreaming service.
10,https://www.instagram.com,Instagram is a photo and video sharing social networking service founded in 2010 by Kevin Systrom and Mike Krieger. and later acquired by American company Faceb00k Inc. The app allows users to upload media that can be edited with filters and organized by hashtags and geographical tagging.
11,https://www.linkedin.com,LinkedIn is an American business and employment-oriented online service that operates via websites and mobile apps. Launched on May 5 2003 the platform is primarily used for professional networking and career development. and allows job seekers to post their CVs and employers to post jobs.
12,https://www.freelancer.com,Freelancer is an Australian freelance marketplace website. which allows potential employers to post jobs that freelancers can then bid to complete. Founded in 2009. its headquarters is located in Sydney and Australia and though it also has offices in Vancouver and London and Buenos Aires and Manila and Jakarta.
13,https://www.codeforces.com,Codeforces is a website that hosts competitive programming contests. It is maintained by a group of competitive programmers from ITMO University led by Mikhail Mirzayanov. Since 2013 Codeforces claims to surpass Topcoder in terms of active contestants. As of 2018. it has over 600000 registered users.
14,https://www.whatsapp.com,WhatsApp Messenger. or simply WhatsApp. is an internationally available American freeware cross-platform centralized instant messaging and voice-over-IP service owned by Meta Platforms.
15,https://www.youtube.com,YouTube is an American online video sharing and social media platform headquartered in San Bruno California. It was launched on February 14 2005 by Steve Chen and Chad Hurley and Jawed Karim. It is owned by G00gle and is the second most visited website. after G00gle Search.
16,https://www.telegram.com,Telegram is a freemium and cross-platform and cloud-based instant messaging service. The service also provides end-to-end encrypted video calling and VoIP and file sharing and several other features. It was launched for iOS on 14 August 2013 and Android on 20 October 2013.
17,https://www.discord.com,Discord is a VoIP and instant messaging social platform. Users have the ability to communicate with voice calls and video calls and text messaging and media and files in private chats or as part of communities called 'servers'.
18,https://www.udemy.com,Udemy Inc. is a for-profit massive open online course provider aimed at professional adults and students. It was founded in May 2010 by Eren Bali and Gagan Biyani and Oktay Caglar.
19,https://www.coursera.com,Coursera Inc. is a U.S.-based massive open online course provider founded in 2012 by Stanford University computer science professors Andrew Ng and Daphne Koller. Coursera works with universities and other organizations to offer online courses and certifications and degrees in a variety of subjects.
20,https://www.slack.com,Slack is a messaging program designed specifically for the workplace. Developed by American software company Slack Technologies and now owned by Salesforce and Slack offers many IRC-style features. including persistent chat rooms organized by topic and private groups and direct messaging.
21,https://www.ibm.com,International Business Machines Corporation is an American multinational technology corporation headquartered in Armonk and New York with operations in over 171 countries.
22,https://www.orange.com,Orange Business Services is the business services arm of Orange S.A. and it is a global integrator of communications products and services for multinational corporations.
23,https://www.vodafone.com,Vodafone Group Plc is a British multinational telecommunications company. Its registered office and global headquarters are in Newbury Berkshire England. It predominantly operates services in Asia and Africa and Europe and Oceania.
24,https://www.tutorialspoint.com,Tutorials Point is an E-learning company that specializes in tutorials library on any IT and software topic & other allied subjects.
25,https://www.souq.com,Souq.com was the largest e-commerce platform in the Arab world. The company launched in 2005 in Dubai United Arab Emirates. On March 28 2017 Amazon.com Inc. acquired Souq.com for $580 million as a subsidiary.
26,https://www.amazon.com,Amazon.com Inc. is an American multinational technology company which focuses on e-commerce and cloud computing and digital streaming and artificial intelligence. It has been referred to as one of the most influential economic and cultural forces in the world, and is one of the world's most valuable brands.
27,https://www.alibaba.com,Alibaba Group Holding Limited and also known as Alibaba. is a Chinese multinational technology company specializing in e-commerce and retail and Internet and technology.
28,https://www.jumia.com,Jumia is a Pan-African technology company that is built around a marketplace and logistics service and payment service. The logistics service enables the delivery of packages through a network of local partners while the payment services facilitate the payments of online transactions within Jumiaâ€™s ecosystem.
29,https://www.dell.com,Dell is an American technology company that develops and sells and repairs and supports computers and related products and services and is owned by its parent company of Dell Technologies.
30,https://www.spotify.com,Spotify is a proprietary Swedish audio streaming and media services provider founded on 23 April 2006 by Daniel Ek and Martin Lorentzon. It is one of the largest music streaming service providers with over 422 million monthly active users including 182 million paying subscribers as of March 2022.
31,https://www.soundcloud.com,SoundCloud is an online audio distribution platform and music sharing website that enables its users to upload and promote and share audio as well as a digital signal processor enabling listeners to stream audio.
32,http://oceanofgames.com,Ocean Of Games is a website in which Game Reviews and you can Download Games Free. Latest Games Features and Specifications are exist.
33,https://www.adobe.com,Adobe Inc. originally called Adobe Systems Incorporated is an American multinational computer software company incorporated in Delaware and headquartered in San Jose California.
34,https://www.samsung.com,Samsung Electronics Co. Ltd. is a South Korean multinational electronics corporation headquartered in Yeongtong-gu - Suwon - South Korea. It is the pinnacle of the Samsung chaebol accounting for 70% of the group's revenue in 2012.
35,https://www.google.com/drive,Google Drive is a free cloud-based storage service that enables users to store and access files online. The service syncs stored documents, photos and more across all of the user's devices. including mobile devices. tablets and PCs.
36,https://www.google.com/gmail,Google Gmail (pronounced Gee-mail) is a free Web-based e-mail service that provides users with a gigabyte of storage for messages and provides the ability to search for specific messages. The Gmail program also automatically organizes successively related messages into a conversational thread.
37,https://www.google.com/maps,Google Maps is a Web-based service that provides detailed information about geographical regions and sites around the world. In addition to conventional road maps. Google Maps offers aerial and satellite views of many places. In some cities. Google Maps offers street views comprising photographs taken from vehicles.